time_s,decision_price_$per_kWh,charge_price_$per_kWh
1,0.3,0.2809
2,0.3,0.2818
3,0.3,0.2826
4,0.3,0.2834
5,0.3,0.2842
6,0.3,0.2849
7,0.3,0.2856
8,0.3,0.2862
9,0.3,0.2869
10,0.3,0.2874
11,0.3,0.288
12,0.3,0.2885
13,0.3,0.289
14,0.3,0.2895
15,0.3,0.29
16,0.3,0.2904
17,0.3,0.2908
18,0.3,0.2912
19,0.3,0.2916
20,0.3,0.2919
21,0.3,0.2922
22,0.3,0.2926
23,0.3,0.2929
24,0.3,0.2931
25,0.3,0.2934
26,0.3,0.2937
27,0.3,0.2939
28,0.3,0.2941
29,0.3,0.2944
30,0.3,0.2946
31,0.3,0.2948
32,0.3,0.295
33,0.3,0.2951
34,0.3,0.2953
35,0.3,0.2955
36,0.3,0.2956
37,0.3,0.2958
38,0.3,0.2959
39,0.3,0.2961
40,0.3,0.2962
41,0.3,0.2963
42,0.3,0.2964
43,0.3,0.2965
44,0.3,0.2966
45,0.3,0.2967
46,0.3,0.2968
47,0.3,0.2969
48,0.3,0.297
49,0.3,0.2971
50,0.3,0.2971
51,0.3,0.2972
52,0.3,0.2973
53,0.3,0.2973
54,0.3,0.2974
55,0.3,0.2975
56,0.3,0.2975
57,0.3,0.2976
58,0.3,0.2976
59,0.3,0.2977
60,0.3,0.2977
61,0.3,0.2978
62,0.3,0.2978
63,0.3,0.2978
64,0.3,0.2979
65,0.3,0.2979
66,0.3,0.2979
67,0.3,0.298
68,0.3,0.298
69,0.3,0.298
70,0.3,0.2981
71,0.3,0.2981
72,0.3,0.2981
73,0.3,0.2981
74,0.3,0.2981
75,0.3,0.2982
76,0.3,0.2982
77,0.3,0.2982
78,0.3,0.2982
79,0.3,0.2982
80,0.3,0.2983
81,0.3,0.2983
82,0.3,0.2983
83,0.3,0.2983
84,0.3,0.2983
85,0.3,0.2983
86,0.3,0.2983
87,0.3,0.2984
88,0.3,0.2984
89,0.3,0.2984
90,0.3,0.2984
91,0.3,0.2984
92,0.3,0.2984
93,0.3,0.2984
94,0.3,0.2984
95,0.3,0.2984
96,0.3,0.2984
97,0.3,0.2984
98,0.3,0.2984
99,0.3,0.2984
100,0.3,0.2985
101,0.3,0.2985
102,0.3,0.2985
103,0.3,0.2985
104,0.3,0.2985
105,0.3,0.2985
106,0.3,0.2985
107,0.3,0.2985
108,0.3,0.2985
109,0.3,0.2985
110,0.3,0.2985
111,0.3,0.2985
112,0.3,0.2985
113,0.3,0.2985
114,0.3,0.2985
115,0.3,0.2985
116,0.3,0.2985
117,0.3,0.2985
118,0.3,0.2985
119,0.3,0.2985
120,0.3,0.2985
121,0.3,0.2985
122,0.3,0.2985
123,0.3,0.2985
124,0.3,0.2985
125,0.3,0.2985
126,0.3,0.2985
127,0.3,0.2985
128,0.3,0.2985
129,0.3,0.2985
130,0.3,0.2985
131,0.3,0.2985
132,0.3,0.2985
133,0.3,0.2985
134,0.3,0.2985
135,0.3,0.2985
136,0.3,0.2985
137,0.3,0.2985
138,0.3,0.2985
139,0.3,0.2986
140,0.3,0.2986
141,0.3,0.2986
142,0.3,0.2986
143,0.3,0.2986
144,0.3,0.2986
145,0.3,0.2986
146,0.3,0.2986
147,0.3,0.2986
148,0.3,0.2986
149,0.3,0.2986
150,0.3,0.2986
151,0.3,0.2986
152,0.3,0.2986
153,0.3,0.2986
154,0.3,0.2986
155,0.3,0.2986
156,0.3,0.2986
157,0.3,0.2986
158,0.3,0.2986
159,0.3,0.2986
160,0.3,0.2986
161,0.3,0.2986
162,0.3,0.2986
163,0.3,0.2986
164,0.3,0.2986
165,0.3,0.2986
166,0.3,0.2986
167,0.3,0.2986
168,0.3,0.2986
169,0.3,0.2986
170,0.3,0.2986
171,0.3,0.2986
172,0.3,0.2986
173,0.3,0.2986
174,0.3,0.2986
175,0.3,0.2986
176,0.3,0.2986
177,0.3,0.2986
178,0.3,0.2986
179,0.3,0.2986
180,0.3,0.2986
181,0.3,0.2986
182,0.3,0.2986
183,0.3,0.2986
184,0.3,0.2986
185,0.3,0.2986
186,0.3,0.2986
187,0.3,0.2986
188,0.3,0.2986
189,0.3,0.2986
190,0.3,0.2986
191,0.3,0.2986
192,0.3,0.2986
193,0.3,0.2986
194,0.3,0.2986
195,0.3,0.2986
196,0.3,0.2986
197,0.3,0.2986
198,0.3,0.2986
199,0.3,0.2986
200,0.3,0.2986
201,0.3,0.2986
202,0.3,0.2986
203,0.3,0.2986
204,0.3,0.2986
205,0.3,0.2986
206,0.3,0.2986
207,0.3,0.2986
208,0.3,0.2986
209,0.3,0.2986
210,0.3,0.2986
211,0.3,0.2986
212,0.3,0.2986
213,0.3,0.2986
214,0.3,0.2986
215,0.3,0.2986
216,0.3,0.2986
217,0.3,0.2986
218,0.3,0.2986
219,0.3,0.2986
220,0.3,0.2986
221,0.3,0.2986
222,0.3,0.2986
223,0.3,0.2986
224,0.3,0.2986
225,0.3,0.2986
226,0.3,0.2986
227,0.3,0.2986
228,0.3,0.2986
229,0.3,0.2986
230,0.3,0.2986
231,0.3,0.2986
232,0.3,0.2986
233,0.3,0.2986
234,0.3,0.2986
235,0.3,0.2986
236,0.3,0.2986
237,0.3,0.2986
238,0.3,0.2986
239,0.3,0.2986
240,0.2,0.2958
241,0.2,0.2932
242,0.2,0.2908
243,0.2,0.2884
244,0.2,0.2862
245,0.2,0.2841
246,0.2,0.2821
247,0.2,0.2802
248,0.2,0.2784
249,0.2,0.2767
250,0.2,0.275
251,0.2,0.2735
252,0.2,0.272
253,0.2,0.2706
254,0.2,0.2693
255,0.2,0.268
256,0.2,0.2668
257,0.2,0.2657
258,0.2,0.2646
259,0.2,0.2636
260,0.2,0.2626
261,0.2,0.2617
262,0.2,0.2608
263,0.2,0.2599
264,0.2,0.2591
265,0.2,0.2584
266,0.2,0.2577
267,0.2,0.257
268,0.2,0.2563
269,0.2,0.2557
270,0.2,0.2551
271,0.2,0.2546
272,0.2,0.254
273,0.2,0.2535
274,0.2,0.2531
275,0.2,0.2526
276,0.2,0.2522
277,0.2,0.2518
278,0.2,0.2514
279,0.2,0.251
280,0.2,0.2507
281,0.2,0.2503
282,0.2,0.25
283,0.2,0.2497
284,0.2,0.2494
285,0.2,0.2492
286,0.2,0.2489
287,0.2,0.2487
288,0.2,0.2484
289,0.2,0.2482
290,0.2,0.248
291,0.2,0.2478
292,0.2,0.2476
293,0.2,0.2474
294,0.2,0.2472
295,0.2,0.2471
296,0.2,0.2469
297,0.2,0.2468
298,0.2,0.2466
299,0.2,0.2465
300,0.2,0.2464
301,0.2,0.2463
302,0.2,0.2462
303,0.2,0.246
304,0.2,0.2459
305,0.2,0.2458
306,0.2,0.2458
307,0.2,0.2457
308,0.2,0.2456
309,0.2,0.2455
310,0.2,0.2454
311,0.2,0.2454
312,0.2,0.2453
313,0.2,0.2452
314,0.2,0.2452
315,0.2,0.2451
316,0.2,0.2451
317,0.2,0.245
318,0.2,0.2449
319,0.2,0.2449
320,0.2,0.2449
321,0.2,0.2448
322,0.2,0.2448
323,0.2,0.2447
324,0.2,0.2447
325,0.2,0.2447
326,0.2,0.2446
327,0.2,0.2446
328,0.2,0.2446
329,0.2,0.2445
330,0.2,0.2445
331,0.2,0.2445
332,0.2,0.2445
333,0.2,0.2444
334,0.2,0.2444
335,0.2,0.2444
336,0.2,0.2444
337,0.2,0.2444
338,0.2,0.2443
339,0.2,0.2443
340,0.2,0.2443
341,0.2,0.2443
342,0.2,0.2443
343,0.2,0.2443
344,0.2,0.2442
345,0.2,0.2442
346,0.2,0.2442
347,0.2,0.2442
348,0.2,0.2442
349,0.2,0.2442
350,0.2,0.2442
351,0.2,0.2442
352,0.2,0.2442
353,0.2,0.2442
354,0.2,0.2441
355,0.2,0.2441
356,0.2,0.2441
357,0.2,0.2441
358,0.2,0.2441
359,0.2,0.2441
360,0.2,0.2441
361,0.2,0.2441
362,0.2,0.2441
363,0.2,0.2441
364,0.2,0.2441
365,0.2,0.2441
366,0.2,0.2441
367,0.2,0.2441
368,0.2,0.2441
369,0.2,0.2441
370,0.2,0.2441
371,0.2,0.2441
372,0.2,0.2441
373,0.2,0.2441
374,0.2,0.2441
375,0.2,0.2441
376,0.2,0.244
377,0.2,0.244
378,0.2,0.244
379,0.2,0.244
380,0.2,0.244
381,0.2,0.244
382,0.2,0.244
383,0.2,0.244
384,0.2,0.244
385,0.2,0.244
386,0.2,0.244
387,0.2,0.244
388,0.2,0.244
389,0.2,0.244
390,0.2,0.244
391,0.2,0.244
392,0.2,0.244
393,0.2,0.244
394,0.2,0.244
395,0.2,0.244
396,0.2,0.244
397,0.2,0.244
398,0.2,0.244
399,0.2,0.244
400,0.2,0.244
401,0.2,0.244
402,0.2,0.244
403,0.2,0.244
404,0.2,0.244
405,0.2,0.244
406,0.2,0.244
407,0.2,0.244
408,0.2,0.244
409,0.2,0.244
410,0.2,0.244
411,0.2,0.244
412,0.2,0.244
413,0.2,0.244
414,0.2,0.244
415,0.2,0.244
416,0.2,0.244
417,0.2,0.244
418,0.2,0.244
419,0.2,0.244
420,0.2,0.244
421,0.2,0.244
422,0.2,0.244
423,0.2,0.244
424,0.2,0.244
425,0.2,0.244
426,0.2,0.244
427,0.2,0.244
428,0.2,0.244
429,0.2,0.244
430,0.2,0.244
431,0.2,0.244
432,0.2,0.244
433,0.2,0.244
434,0.2,0.244
435,0.2,0.244
436,0.2,0.244
437,0.2,0.244
438,0.2,0.244
439,0.2,0.244
440,0.2,0.244
441,0.2,0.244
442,0.2,0.244
443,0.2,0.244
444,0.2,0.244
445,0.2,0.244
446,0.2,0.244
447,0.2,0.244
448,0.2,0.244
449,0.2,0.244
450,0.2,0.244
451,0.2,0.244
452,0.2,0.244
453,0.2,0.244
454,0.2,0.244
455,0.2,0.244
456,0.2,0.244
457,0.2,0.244
458,0.2,0.244
459,0.2,0.244
460,0.2,0.244
461,0.2,0.244
462,0.2,0.244
463,0.2,0.244
464,0.2,0.244
465,0.2,0.244
466,0.2,0.244
467,0.2,0.244
468,0.2,0.244
469,0.2,0.244
470,0.2,0.244
471,0.2,0.244
472,0.2,0.244
473,0.2,0.244
474,0.2,0.244
475,0.2,0.244
476,0.2,0.244
477,0.2,0.244
478,0.2,0.244
479,0.2,0.244
480,0.3,0.2467
481,0.3,0.2493
482,0.3,0.2518
483,0.3,0.2541
484,0.3,0.2563
485,0.3,0.2585
486,0.3,0.2605
487,0.3,0.2624
488,0.3,0.2642
489,0.3,0.2659
490,0.3,0.2675
491,0.3,0.2691
492,0.3,0.2706
493,0.3,0.272
494,0.3,0.2733
495,0.3,0.2745
496,0.3,0.2758
497,0.3,0.2769
498,0.3,0.278
499,0.3,0.279
500,0.3,0.28
501,0.3,0.2809
502,0.3,0.2818
503,0.3,0.2826
504,0.3,0.2834
505,0.3,0.2842
506,0.3,0.2849
507,0.3,0.2856
508,0.3,0.2862
509,0.3,0.2869
510,0.3,0.2874
511,0.3,0.288
512,0.3,0.2885
513,0.3,0.289
514,0.3,0.2895
515,0.3,0.29
516,0.3,0.2904
517,0.3,0.2908
518,0.3,0.2912
519,0.3,0.2916
520,0.3,0.2919
521,0.3,0.2922
522,0.3,0.2926
523,0.3,0.2929
524,0.3,0.2931
525,0.3,0.2934
526,0.3,0.2937
527,0.3,0.2939
528,0.3,0.2941
529,0.3,0.2944
530,0.3,0.2946
531,0.3,0.2948
532,0.3,0.295
533,0.3,0.2951
534,0.3,0.2953
535,0.3,0.2955
536,0.3,0.2956
537,0.3,0.2958
538,0.3,0.2959
539,0.3,0.2961
540,0.3,0.2962
541,0.3,0.2963
542,0.3,0.2964
543,0.3,0.2965
544,0.3,0.2966
545,0.3,0.2967
546,0.3,0.2968
547,0.3,0.2969
548,0.3,0.297
549,0.3,0.2971
550,0.3,0.2971
551,0.3,0.2972
552,0.3,0.2973
553,0.3,0.2973
554,0.3,0.2974
555,0.3,0.2975
556,0.3,0.2975
557,0.3,0.2976
558,0.3,0.2976
559,0.3,0.2977
560,0.3,0.2977
561,0.3,0.2978
562,0.3,0.2978
563,0.3,0.2978
564,0.3,0.2979
565,0.3,0.2979
566,0.3,0.2979
567,0.3,0.298
568,0.3,0.298
569,0.3,0.298
570,0.3,0.2981
571,0.3,0.2981
572,0.3,0.2981
573,0.3,0.2981
574,0.3,0.2981
575,0.3,0.2982
576,0.3,0.2982
577,0.3,0.2982
578,0.3,0.2982
579,0.3,0.2982
580,0.3,0.2983
581,0.3,0.2983
582,0.3,0.2983
583,0.3,0.2983
584,0.3,0.2983
585,0.3,0.2983
586,0.3,0.2983
587,0.3,0.2984
588,0.3,0.2984
589,0.3,0.2984
590,0.3,0.2984
591,0.3,0.2984
592,0.3,0.2984
593,0.3,0.2984
594,0.3,0.2984
595,0.3,0.2984
596,0.3,0.2984
597,0.3,0.2984
598,0.3,0.2984
599,0.3,0.2984
600,0.3,0.2985
601,0.3,0.2985
602,0.3,0.2985
603,0.3,0.2985
604,0.3,0.2985
605,0.3,0.2985
606,0.3,0.2985
607,0.3,0.2985
608,0.3,0.2985
609,0.3,0.2985
610,0.3,0.2985
611,0.3,0.2985
612,0.3,0.2985
613,0.3,0.2985
614,0.3,0.2985
615,0.3,0.2985
616,0.3,0.2985
617,0.3,0.2985
618,0.3,0.2985
619,0.3,0.2985
620,0.3,0.2985
621,0.3,0.2985
622,0.3,0.2985
623,0.3,0.2985
624,0.3,0.2985
625,0.3,0.2985
626,0.3,0.2985
627,0.3,0.2985
628,0.3,0.2985
629,0.3,0.2985
630,0.3,0.2985
631,0.3,0.2985
632,0.3,0.2985
633,0.3,0.2985
634,0.3,0.2985
635,0.3,0.2985
636,0.3,0.2985
637,0.3,0.2985
638,0.3,0.2985
639,0.3,0.2986
640,0.3,0.2986
641,0.3,0.2986
642,0.3,0.2986
643,0.3,0.2986
644,0.3,0.2986
645,0.3,0.2986
646,0.3,0.2986
647,0.3,0.2986
648,0.3,0.2986
649,0.3,0.2986
650,0.3,0.2986
651,0.3,0.2986
652,0.3,0.2986
653,0.3,0.2986
654,0.3,0.2986
655,0.3,0.2986
656,0.3,0.2986
657,0.3,0.2986
658,0.3,0.2986
659,0.3,0.2986
660,0.3,0.2986
661,0.3,0.2986
662,0.3,0.2986
663,0.3,0.2986
664,0.3,0.2986
665,0.3,0.2986
666,0.3,0.2986
667,0.3,0.2986
668,0.3,0.2986
669,0.3,0.2986
670,0.3,0.2986
671,0.3,0.2986
672,0.3,0.2986
673,0.3,0.2986
674,0.3,0.2986
675,0.3,0.2986
676,0.3,0.2986
677,0.3,0.2986
678,0.3,0.2986
679,0.3,0.2986
680,0.3,0.2986
681,0.3,0.2986
682,0.3,0.2986
683,0.3,0.2986
684,0.3,0.2986
685,0.3,0.2986
686,0.3,0.2986
687,0.3,0.2986
688,0.3,0.2986
689,0.3,0.2986
690,0.3,0.2986
691,0.3,0.2986
692,0.3,0.2986
693,0.3,0.2986
694,0.3,0.2986
695,0.3,0.2986
696,0.3,0.2986
697,0.3,0.2986
698,0.3,0.2986
699,0.3,0.2986
700,0.3,0.2986
701,0.3,0.2986
702,0.3,0.2986
703,0.3,0.2986
704,0.3,0.2986
705,0.3,0.2986
706,0.3,0.2986
707,0.3,0.2986
708,0.3,0.2986
709,0.3,0.2986
710,0.3,0.2986
711,0.3,0.2986
712,0.3,0.2986
713,0.3,0.2986
714,0.3,0.2986
715,0.3,0.2986
716,0.3,0.2986
717,0.3,0.2986
718,0.3,0.2986
719,0.3,0.2986
720,0.2,0.2958
721,0.2,0.2932
722,0.2,0.2908
723,0.2,0.2884
724,0.2,0.2862
725,0.2,0.2841
726,0.2,0.2821
727,0.2,0.2802
728,0.2,0.2784
729,0.2,0.2767
730,0.2,0.275
731,0.2,0.2735
732,0.2,0.272
733,0.2,0.2706
734,0.2,0.2693
735,0.2,0.268
736,0.2,0.2668
737,0.2,0.2657
738,0.2,0.2646
739,0.2,0.2636
740,0.2,0.2626
741,0.2,0.2617
742,0.2,0.2608
743,0.2,0.2599
744,0.2,0.2591
745,0.2,0.2584
746,0.2,0.2577
747,0.2,0.257
748,0.2,0.2563
749,0.2,0.2557
750,0.2,0.2551
751,0.2,0.2546
752,0.2,0.254
753,0.2,0.2535
754,0.2,0.2531
755,0.2,0.2526
756,0.2,0.2522
757,0.2,0.2518
758,0.2,0.2514
759,0.2,0.251
760,0.2,0.2507
761,0.2,0.2503
762,0.2,0.25
763,0.2,0.2497
764,0.2,0.2494
765,0.2,0.2492
766,0.2,0.2489
767,0.2,0.2487
768,0.2,0.2484
769,0.2,0.2482
770,0.2,0.248
771,0.2,0.2478
772,0.2,0.2476
773,0.2,0.2474
774,0.2,0.2472
775,0.2,0.2471
776,0.2,0.2469
777,0.2,0.2468
778,0.2,0.2466
779,0.2,0.2465
780,0.2,0.2464
781,0.2,0.2463
782,0.2,0.2462
783,0.2,0.246
784,0.2,0.2459
785,0.2,0.2458
786,0.2,0.2458
787,0.2,0.2457
788,0.2,0.2456
789,0.2,0.2455
790,0.2,0.2454
791,0.2,0.2454
792,0.2,0.2453
793,0.2,0.2452
794,0.2,0.2452
795,0.2,0.2451
796,0.2,0.2451
797,0.2,0.245
798,0.2,0.2449
799,0.2,0.2449
800,0.2,0.2449
801,0.2,0.2448
802,0.2,0.2448
803,0.2,0.2447
804,0.2,0.2447
805,0.2,0.2447
806,0.2,0.2446
807,0.2,0.2446
808,0.2,0.2446
809,0.2,0.2445
810,0.2,0.2445
811,0.2,0.2445
812,0.2,0.2445
813,0.2,0.2444
814,0.2,0.2444
815,0.2,0.2444
816,0.2,0.2444
817,0.2,0.2444
818,0.2,0.2443
819,0.2,0.2443
820,0.2,0.2443
821,0.2,0.2443
822,0.2,0.2443
823,0.2,0.2443
824,0.2,0.2442
825,0.2,0.2442
826,0.2,0.2442
827,0.2,0.2442
828,0.2,0.2442
829,0.2,0.2442
830,0.2,0.2442
831,0.2,0.2442
832,0.2,0.2442
833,0.2,0.2442
834,0.2,0.2441
835,0.2,0.2441
836,0.2,0.2441
837,0.2,0.2441
838,0.2,0.2441
839,0.2,0.2441
840,0.2,0.2441
841,0.2,0.2441
842,0.2,0.2441
843,0.2,0.2441
844,0.2,0.2441
845,0.2,0.2441
846,0.2,0.2441
847,0.2,0.2441
848,0.2,0.2441
849,0.2,0.2441
850,0.2,0.2441
851,0.2,0.2441
852,0.2,0.2441
853,0.2,0.2441
854,0.2,0.2441
855,0.2,0.2441
856,0.2,0.244
857,0.2,0.244
858,0.2,0.244
859,0.2,0.244
860,0.2,0.244
861,0.2,0.244
862,0.2,0.244
863,0.2,0.244
864,0.2,0.244
865,0.2,0.244
866,0.2,0.244
867,0.2,0.244
868,0.2,0.244
869,0.2,0.244
870,0.2,0.244
871,0.2,0.244
872,0.2,0.244
873,0.2,0.244
874,0.2,0.244
875,0.2,0.244
876,0.2,0.244
877,0.2,0.244
878,0.2,0.244
879,0.2,0.244
880,0.2,0.244
881,0.2,0.244
882,0.2,0.244
883,0.2,0.244
884,0.2,0.244
885,0.2,0.244
886,0.2,0.244
887,0.2,0.244
888,0.2,0.244
889,0.2,0.244
890,0.2,0.244
891,0.2,0.244
892,0.2,0.244
893,0.2,0.244
894,0.2,0.244
895,0.2,0.244
896,0.2,0.244
897,0.2,0.244
898,0.2,0.244
899,0.2,0.244
900,0.2,0.244
901,0.2,0.244
902,0.2,0.244
903,0.2,0.244
904,0.2,0.244
905,0.2,0.244
906,0.2,0.244
907,0.2,0.244
908,0.2,0.244
909,0.2,0.244
910,0.2,0.244
911,0.2,0.244
912,0.2,0.244
913,0.2,0.244
914,0.2,0.244
915,0.2,0.244
916,0.2,0.244
917,0.2,0.244
918,0.2,0.244
919,0.2,0.244
920,0.2,0.244
921,0.2,0.244
922,0.2,0.244
923,0.2,0.244
924,0.2,0.244
925,0.2,0.244
926,0.2,0.244
927,0.2,0.244
928,0.2,0.244
929,0.2,0.244
930,0.2,0.244
931,0.2,0.244
932,0.2,0.244
933,0.2,0.244
934,0.2,0.244
935,0.2,0.244
936,0.2,0.244
937,0.2,0.244
938,0.2,0.244
939,0.2,0.244
940,0.2,0.244
941,0.2,0.244
942,0.2,0.244
943,0.2,0.244
944,0.2,0.244
945,0.2,0.244
946,0.2,0.244
947,0.2,0.244
948,0.2,0.244
949,0.2,0.244
950,0.2,0.244
951,0.2,0.244
952,0.2,0.244
953,0.2,0.244
954,0.2,0.244
955,0.2,0.244
956,0.2,0.244
957,0.2,0.244
958,0.2,0.244
959,0.2,0.244
960,0.2,0.244
961,0.2,0.244
962,0.2,0.244
963,0.2,0.244
964,0.2,0.244
965,0.2,0.244
966,0.2,0.244
967,0.2,0.244
968,0.2,0.244
969,0.2,0.244
970,0.2,0.244
971,0.2,0.244
972,0.2,0.244
973,0.2,0.244
974,0.2,0.244
975,0.2,0.244
976,0.2,0.244
977,0.2,0.244
978,0.2,0.244
979,0.2,0.244
980,0.2,0.244
981,0.2,0.244
982,0.2,0.244
983,0.2,0.244
984,0.2,0.244
985,0.2,0.244
986,0.2,0.244
987,0.2,0.244
988,0.2,0.244
989,0.2,0.244
990,0.2,0.244
991,0.2,0.244
992,0.2,0.244
993,0.2,0.244
994,0.2,0.244
995,0.2,0.244
996,0.2,0.244
997,0.2,0.244
998,0.2,0.244
999,0.2,0.244
1000,0.2,0.244
1001,0.2,0.244
1002,0.2,0.244
1003,0.2,0.244
1004,0.2,0.244
1005,0.2,0.244
1006,0.2,0.244
1007,0.2,0.244
1008,0.2,0.244
1009,0.2,0.244
1010,0.2,0.244
1011,0.2,0.244
1012,0.2,0.244
1013,0.2,0.244
1014,0.2,0.244
1015,0.2,0.244
1016,0.2,0.244
1017,0.2,0.244
1018,0.2,0.244
1019,0.2,0.244
1020,0.2,0.244
1021,0.2,0.244
1022,0.2,0.244
1023,0.2,0.244
1024,0.2,0.244
1025,0.2,0.244
1026,0.2,0.244
1027,0.2,0.244
1028,0.2,0.244
1029,0.2,0.244
1030,0.2,0.244
1031,0.2,0.244
1032,0.2,0.244
1033,0.2,0.244
1034,0.2,0.244
1035,0.2,0.244
1036,0.2,0.244
1037,0.2,0.244
1038,0.2,0.244
1039,0.2,0.244
1040,0.2,0.244
1041,0.2,0.244
1042,0.2,0.244
1043,0.2,0.244
1044,0.2,0.244
1045,0.2,0.244
1046,0.2,0.244
1047,0.2,0.244
1048,0.2,0.244
1049,0.2,0.244
1050,0.2,0.244
1051,0.2,0.244
1052,0.2,0.244
1053,0.2,0.244
1054,0.2,0.244
1055,0.2,0.244
1056,0.2,0.244
1057,0.2,0.244
1058,0.2,0.244
1059,0.2,0.244
1060,0.2,0.244
1061,0.2,0.244
1062,0.2,0.244
1063,0.2,0.244
1064,0.2,0.244
1065,0.2,0.244
1066,0.2,0.244
1067,0.2,0.244
1068,0.2,0.244
1069,0.2,0.244
1070,0.2,0.244
1071,0.2,0.244
1072,0.2,0.244
1073,0.2,0.244
1074,0.2,0.244
1075,0.2,0.244
1076,0.2,0.244
1077,0.2,0.244
1078,0.2,0.244
1079,0.2,0.244
1080,0.2,0.244
1081,0.2,0.244
1082,0.2,0.244
1083,0.2,0.244
1084,0.2,0.244
1085,0.2,0.244
1086,0.2,0.244
1087,0.2,0.244
1088,0.2,0.244
1089,0.2,0.244
1090,0.2,0.244
1091,0.2,0.244
1092,0.2,0.244
1093,0.2,0.244
1094,0.2,0.244
1095,0.2,0.244
1096,0.2,0.244
1097,0.2,0.244
1098,0.2,0.244
1099,0.2,0.244
1100,0.2,0.244
1101,0.2,0.244
1102,0.2,0.244
1103,0.2,0.244
1104,0.2,0.244
1105,0.2,0.244
1106,0.2,0.244
1107,0.2,0.244
1108,0.2,0.244
1109,0.2,0.244
1110,0.2,0.244
1111,0.2,0.244
1112,0.2,0.244
1113,0.2,0.244
1114,0.2,0.244
1115,0.2,0.244
1116,0.2,0.244
1117,0.2,0.244
1118,0.2,0.244
1119,0.2,0.244
1120,0.2,0.244
1121,0.2,0.244
1122,0.2,0.244
1123,0.2,0.244
1124,0.2,0.244
1125,0.2,0.244
1126,0.2,0.244
1127,0.2,0.244
1128,0.2,0.244
1129,0.2,0.244
1130,0.2,0.244
1131,0.2,0.244
1132,0.2,0.244
1133,0.2,0.244
1134,0.2,0.244
1135,0.2,0.244
1136,0.2,0.244
1137,0.2,0.244
1138,0.2,0.244
1139,0.2,0.244
1140,0.2,0.244
1141,0.2,0.244
1142,0.2,0.244
1143,0.2,0.244
1144,0.2,0.244
1145,0.2,0.244
1146,0.2,0.244
1147,0.2,0.244
1148,0.2,0.244
1149,0.2,0.244
1150,0.2,0.244
1151,0.2,0.244
1152,0.2,0.244
1153,0.2,0.244
1154,0.2,0.244
1155,0.2,0.244
1156,0.2,0.244
1157,0.2,0.244
1158,0.2,0.244
1159,0.2,0.244
1160,0.2,0.244
1161,0.2,0.244
1162,0.2,0.244
1163,0.2,0.244
1164,0.2,0.244
1165,0.2,0.244
1166,0.2,0.244
1167,0.2,0.244
1168,0.2,0.244
1169,0.2,0.244
1170,0.2,0.244
1171,0.2,0.244
1172,0.2,0.244
1173,0.2,0.244
1174,0.2,0.244
1175,0.2,0.244
1176,0.2,0.244
1177,0.2,0.244
1178,0.2,0.244
1179,0.2,0.244
1180,0.2,0.244
1181,0.2,0.244
1182,0.2,0.244
1183,0.2,0.244
1184,0.2,0.244
1185,0.2,0.244
1186,0.2,0.244
1187,0.2,0.244
1188,0.2,0.244
1189,0.2,0.244
1190,0.2,0.244
1191,0.2,0.244
1192,0.2,0.244
1193,0.2,0.244
1194,0.2,0.244
1195,0.2,0.244
1196,0.2,0.244
1197,0.2,0.244
1198,0.2,0.244
1199,0.2,0.244
1200,0.2,0.244
1201,0.2,0.244
1202,0.2,0.244
1203,0.2,0.244
1204,0.2,0.244
1205,0.2,0.244
1206,0.2,0.244
1207,0.2,0.244
1208,0.2,0.244
1209,0.2,0.244
1210,0.2,0.244
1211,0.2,0.244
1212,0.2,0.244
1213,0.2,0.244
1214,0.2,0.244
1215,0.2,0.244
1216,0.2,0.244
1217,0.2,0.244
1218,0.2,0.244
1219,0.2,0.244
1220,0.2,0.244
1221,0.2,0.244
1222,0.2,0.244
1223,0.2,0.244
1224,0.2,0.244
1225,0.2,0.244
1226,0.2,0.244
1227,0.2,0.244
1228,0.2,0.244
1229,0.2,0.244
1230,0.2,0.244
1231,0.2,0.244
1232,0.2,0.244
1233,0.2,0.244
1234,0.2,0.244
1235,0.2,0.244
1236,0.2,0.244
1237,0.2,0.244
1238,0.2,0.244
1239,0.2,0.244
1240,0.2,0.244
1241,0.2,0.244
1242,0.2,0.244
1243,0.2,0.244
1244,0.2,0.244
1245,0.2,0.244
1246,0.2,0.244
1247,0.2,0.244
1248,0.2,0.244
1249,0.2,0.244
1250,0.2,0.244
1251,0.2,0.244
1252,0.2,0.244
1253,0.2,0.244
1254,0.2,0.244
1255,0.2,0.244
1256,0.2,0.244
1257,0.2,0.244
1258,0.2,0.244
1259,0.2,0.244
1260,0.2,0.244
1261,0.2,0.244
1262,0.2,0.244
1263,0.2,0.244
1264,0.2,0.244
1265,0.2,0.244
1266,0.2,0.244
1267,0.2,0.244
1268,0.2,0.244
1269,0.2,0.244
1270,0.2,0.244
1271,0.2,0.244
1272,0.2,0.244
1273,0.2,0.244
1274,0.2,0.244
1275,0.2,0.244
1276,0.2,0.244
1277,0.2,0.244
1278,0.2,0.244
1279,0.2,0.244
1280,0.2,0.244
1281,0.2,0.244
1282,0.2,0.244
1283,0.2,0.244
1284,0.2,0.244
1285,0.2,0.244
1286,0.2,0.244
1287,0.2,0.244
1288,0.2,0.244
1289,0.2,0.244
1290,0.2,0.244
1291,0.2,0.244
1292,0.2,0.244
1293,0.2,0.244
1294,0.2,0.244
1295,0.2,0.244
1296,0.2,0.244
1297,0.2,0.244
1298,0.2,0.244
1299,0.2,0.244
1300,0.2,0.244
1301,0.2,0.244
1302,0.2,0.244
1303,0.2,0.244
1304,0.2,0.244
1305,0.2,0.244
1306,0.2,0.244
1307,0.2,0.244
1308,0.2,0.244
1309,0.2,0.244
1310,0.2,0.244
1311,0.2,0.244
1312,0.2,0.244
1313,0.2,0.244
1314,0.2,0.244
1315,0.2,0.244
1316,0.2,0.244
1317,0.2,0.244
1318,0.2,0.244
1319,0.2,0.244
1320,0.2,0.244
1321,0.2,0.244
1322,0.2,0.244
1323,0.2,0.244
1324,0.2,0.244
1325,0.2,0.244
1326,0.2,0.244
1327,0.2,0.244
1328,0.2,0.244
1329,0.2,0.244
1330,0.2,0.244
1331,0.2,0.244
1332,0.2,0.244
1333,0.2,0.244
1334,0.2,0.244
1335,0.2,0.244
1336,0.2,0.244
1337,0.2,0.244
1338,0.2,0.244
1339,0.2,0.244
1340,0.2,0.244
1341,0.2,0.244
1342,0.2,0.244
1343,0.2,0.244
1344,0.2,0.244
1345,0.2,0.244
1346,0.2,0.244
1347,0.2,0.244
1348,0.2,0.244
1349,0.2,0.244
1350,0.2,0.244
1351,0.2,0.244
1352,0.2,0.244
1353,0.2,0.244
1354,0.2,0.244
1355,0.2,0.244
1356,0.2,0.244
1357,0.2,0.244
1358,0.2,0.244
1359,0.2,0.244
1360,0.2,0.244
1361,0.2,0.244
1362,0.2,0.244
1363,0.2,0.244
1364,0.2,0.244
1365,0.2,0.244
1366,0.2,0.244
1367,0.2,0.244
1368,0.2,0.244
1369,0.2,0.244
1370,0.2,0.244
1371,0.2,0.244
1372,0.2,0.244
1373,0.2,0.244
1374,0.2,0.244
1375,0.2,0.244
1376,0.2,0.244
1377,0.2,0.244
1378,0.2,0.244
1379,0.2,0.244
1380,0.2,0.244
1381,0.2,0.244
1382,0.2,0.244
1383,0.2,0.244
1384,0.2,0.244
1385,0.2,0.244
1386,0.2,0.244
1387,0.2,0.244
1388,0.2,0.244
1389,0.2,0.244
1390,0.2,0.244
1391,0.2,0.244
1392,0.2,0.244
1393,0.2,0.244
1394,0.2,0.244
1395,0.2,0.244
1396,0.2,0.244
1397,0.2,0.244
1398,0.2,0.244
1399,0.2,0.244
1400,0.2,0.244
1401,0.2,0.244
1402,0.2,0.244
1403,0.2,0.244
1404,0.2,0.244
1405,0.2,0.244
1406,0.2,0.244
1407,0.2,0.244
1408,0.2,0.244
1409,0.2,0.244
1410,0.2,0.244
1411,0.2,0.244
1412,0.2,0.244
1413,0.2,0.244
1414,0.2,0.244
1415,0.2,0.244
1416,0.2,0.244
1417,0.2,0.244
1418,0.2,0.244
1419,0.2,0.244
1420,0.2,0.244
1421,0.2,0.244
1422,0.2,0.244
1423,0.2,0.244
1424,0.2,0.244
1425,0.2,0.244
1426,0.2,0.244
1427,0.2,0.244
1428,0.2,0.244
1429,0.2,0.244
1430,0.2,0.244
1431,0.2,0.244
1432,0.2,0.244
1433,0.2,0.244
1434,0.2,0.244
1435,0.2,0.244
1436,0.2,0.244
1437,0.2,0.244
1438,0.2,0.244
1439,0.2,0.244
1440,0.2,0.244
1441,0.2,0.244
1442,0.2,0.244
1443,0.2,0.244
1444,0.2,0.244
1445,0.2,0.244
1446,0.2,0.244
1447,0.2,0.244
1448,0.2,0.244
1449,0.2,0.244
1450,0.2,0.244
1451,0.2,0.244
1452,0.2,0.244
1453,0.2,0.244
1454,0.2,0.244
1455,0.2,0.244
1456,0.2,0.244
1457,0.2,0.244
1458,0.2,0.244
1459,0.2,0.244
1460,0.2,0.244
1461,0.2,0.244
1462,0.2,0.244
1463,0.2,0.244
1464,0.2,0.244
1465,0.2,0.244
1466,0.2,0.244
1467,0.2,0.244
1468,0.2,0.244
1469,0.2,0.244
1470,0.2,0.244
1471,0.2,0.244
1472,0.2,0.244
1473,0.2,0.244
1474,0.2,0.244
1475,0.2,0.244
1476,0.2,0.244
1477,0.2,0.244
1478,0.2,0.244
1479,0.2,0.244
1480,0.2,0.244
1481,0.2,0.244
1482,0.2,0.244
1483,0.2,0.244
1484,0.2,0.244
1485,0.2,0.244
1486,0.2,0.244
1487,0.2,0.244
1488,0.2,0.244
1489,0.2,0.244
1490,0.2,0.244
1491,0.2,0.244
1492,0.2,0.244
1493,0.2,0.244
1494,0.2,0.244
1495,0.2,0.244
1496,0.2,0.244
1497,0.2,0.244
1498,0.2,0.244
1499,0.2,0.244
1500,0.2,0.244
1501,0.2,0.244
1502,0.2,0.244
1503,0.2,0.244
1504,0.2,0.244
1505,0.2,0.244
1506,0.2,0.244
1507,0.2,0.244
1508,0.2,0.244
1509,0.2,0.244
1510,0.2,0.244
1511,0.2,0.244
1512,0.2,0.244
1513,0.2,0.244
1514,0.2,0.244
1515,0.2,0.244
1516,0.2,0.244
1517,0.2,0.244
1518,0.2,0.244
1519,0.2,0.244
1520,0.2,0.244
1521,0.2,0.244
1522,0.2,0.244
1523,0.2,0.244
1524,0.2,0.244
1525,0.2,0.244
1526,0.2,0.244
1527,0.2,0.244
1528,0.2,0.244
1529,0.2,0.244
1530,0.2,0.244
1531,0.2,0.244
1532,0.2,0.244
1533,0.2,0.244
1534,0.2,0.244
1535,0.2,0.244
1536,0.2,0.244
1537,0.2,0.244
1538,0.2,0.244
1539,0.2,0.244
1540,0.2,0.244
1541,0.2,0.244
1542,0.2,0.244
1543,0.2,0.244
1544,0.2,0.244
1545,0.2,0.244
1546,0.2,0.244
1547,0.2,0.244
1548,0.2,0.244
1549,0.2,0.244
1550,0.2,0.244
1551,0.2,0.244
1552,0.2,0.244
1553,0.2,0.244
1554,0.2,0.244
1555,0.2,0.244
1556,0.2,0.244
1557,0.2,0.244
1558,0.2,0.244
1559,0.2,0.244
1560,0.2,0.244
1561,0.2,0.244
1562,0.2,0.244
1563,0.2,0.244
1564,0.2,0.244
1565,0.2,0.244
1566,0.2,0.244
1567,0.2,0.244
1568,0.2,0.244
1569,0.2,0.244
1570,0.2,0.244
1571,0.2,0.244
1572,0.2,0.244
1573,0.2,0.244
1574,0.2,0.244
1575,0.2,0.244
1576,0.2,0.244
1577,0.2,0.244
1578,0.2,0.244
1579,0.2,0.244
1580,0.2,0.244
1581,0.2,0.244
1582,0.2,0.244
1583,0.2,0.244
1584,0.2,0.244
1585,0.2,0.244
1586,0.2,0.244
1587,0.2,0.244
1588,0.2,0.244
1589,0.2,0.244
1590,0.2,0.244
1591,0.2,0.244
1592,0.2,0.244
1593,0.2,0.244
1594,0.2,0.244
1595,0.2,0.244
1596,0.2,0.244
1597,0.2,0.244
1598,0.2,0.244
1599,0.2,0.244
1600,0.2,0.244
1601,0.2,0.244
1602,0.2,0.244
1603,0.2,0.244
1604,0.2,0.244
1605,0.2,0.244
1606,0.2,0.244
1607,0.2,0.244
1608,0.2,0.244
1609,0.2,0.244
1610,0.2,0.244
1611,0.2,0.244
1612,0.2,0.244
1613,0.2,0.244
1614,0.2,0.244
1615,0.2,0.244
1616,0.2,0.244
1617,0.2,0.244
1618,0.2,0.244
1619,0.2,0.244
1620,0.2,0.244
1621,0.2,0.244
1622,0.2,0.244
1623,0.2,0.244
1624,0.2,0.244
1625,0.2,0.244
1626,0.2,0.244
1627,0.2,0.244
1628,0.2,0.244
1629,0.2,0.244
1630,0.2,0.244
1631,0.2,0.244
1632,0.2,0.244
1633,0.2,0.244
1634,0.2,0.244
1635,0.2,0.244
1636,0.2,0.244
1637,0.2,0.244
1638,0.2,0.244
1639,0.2,0.244
1640,0.2,0.244
1641,0.2,0.244
1642,0.2,0.244
1643,0.2,0.244
1644,0.2,0.244
1645,0.2,0.244
1646,0.2,0.244
1647,0.2,0.244
1648,0.2,0.244
1649,0.2,0.244
1650,0.2,0.244
1651,0.2,0.244
1652,0.2,0.244
1653,0.2,0.244
1654,0.2,0.244
1655,0.2,0.244
1656,0.2,0.244
1657,0.2,0.244
1658,0.2,0.244
1659,0.2,0.244
1660,0.2,0.244
1661,0.2,0.244
1662,0.2,0.244
1663,0.2,0.244
1664,0.2,0.244
1665,0.2,0.244
1666,0.2,0.244
1667,0.2,0.244
1668,0.2,0.244
1669,0.2,0.244
1670,0.2,0.244
1671,0.2,0.244
1672,0.2,0.244
1673,0.2,0.244
1674,0.2,0.244
1675,0.2,0.244
1676,0.2,0.244
1677,0.2,0.244
1678,0.2,0.244
1679,0.2,0.244
1680,0.3,0.2467
1681,0.3,0.2493
1682,0.3,0.2518
1683,0.3,0.2541
1684,0.3,0.2563
1685,0.3,0.2585
1686,0.3,0.2605
1687,0.3,0.2624
1688,0.3,0.2642
1689,0.3,0.2659
1690,0.3,0.2675
1691,0.3,0.2691
1692,0.3,0.2706
1693,0.3,0.272
1694,0.3,0.2733
1695,0.3,0.2745
1696,0.3,0.2758
1697,0.3,0.2769
1698,0.3,0.278
1699,0.3,0.279
1700,0.3,0.28
1701,0.3,0.2809
1702,0.3,0.2818
1703,0.3,0.2826
1704,0.3,0.2834
1705,0.3,0.2842
1706,0.3,0.2849
1707,0.3,0.2856
1708,0.3,0.2862
1709,0.3,0.2869
1710,0.3,0.2874
1711,0.3,0.288
1712,0.3,0.2885
1713,0.3,0.289
1714,0.3,0.2895
1715,0.3,0.29
1716,0.3,0.2904
1717,0.3,0.2908
1718,0.3,0.2912
1719,0.3,0.2916
1720,0.3,0.2919
1721,0.3,0.2922
1722,0.3,0.2926
1723,0.3,0.2929
1724,0.3,0.2931
1725,0.3,0.2934
1726,0.3,0.2937
1727,0.3,0.2939
1728,0.3,0.2941
1729,0.3,0.2944
1730,0.3,0.2946
1731,0.3,0.2948
1732,0.3,0.295
1733,0.3,0.2951
1734,0.3,0.2953
1735,0.3,0.2955
1736,0.3,0.2956
1737,0.3,0.2958
1738,0.3,0.2959
1739,0.3,0.2961
1740,0.3,0.2962
1741,0.3,0.2963
1742,0.3,0.2964
1743,0.3,0.2965
1744,0.3,0.2966
1745,0.3,0.2967
1746,0.3,0.2968
1747,0.3,0.2969
1748,0.3,0.297
1749,0.3,0.2971
1750,0.3,0.2971
1751,0.3,0.2972
1752,0.3,0.2973
1753,0.3,0.2973
1754,0.3,0.2974
1755,0.3,0.2975
1756,0.3,0.2975
1757,0.3,0.2976
1758,0.3,0.2976
1759,0.3,0.2977
1760,0.3,0.2977
1761,0.3,0.2978
1762,0.3,0.2978
1763,0.3,0.2978
1764,0.3,0.2979
1765,0.3,0.2979
1766,0.3,0.2979
1767,0.3,0.298
1768,0.3,0.298
1769,0.3,0.298
1770,0.3,0.2981
1771,0.3,0.2981
1772,0.3,0.2981
1773,0.3,0.2981
1774,0.3,0.2981
1775,0.3,0.2982
1776,0.3,0.2982
1777,0.3,0.2982
1778,0.3,0.2982
1779,0.3,0.2982
1780,0.3,0.2983
1781,0.3,0.2983
1782,0.3,0.2983
1783,0.3,0.2983
1784,0.3,0.2983
1785,0.3,0.2983
1786,0.3,0.2983
1787,0.3,0.2984
1788,0.3,0.2984
1789,0.3,0.2984
1790,0.3,0.2984
1791,0.3,0.2984
1792,0.3,0.2984
1793,0.3,0.2984
1794,0.3,0.2984
1795,0.3,0.2984
1796,0.3,0.2984
1797,0.3,0.2984
1798,0.3,0.2984
1799,0.3,0.2984
1800,0.3,0.2985
1801,0.3,0.2985
1802,0.3,0.2985
1803,0.3,0.2985
1804,0.3,0.2985
1805,0.3,0.2985
1806,0.3,0.2985
1807,0.3,0.2985
1808,0.3,0.2985
1809,0.3,0.2985
1810,0.3,0.2985
1811,0.3,0.2985
1812,0.3,0.2985
1813,0.3,0.2985
1814,0.3,0.2985
1815,0.3,0.2985
1816,0.3,0.2985
1817,0.3,0.2985
1818,0.3,0.2985
1819,0.3,0.2985
1820,0.3,0.2985
1821,0.3,0.2985
1822,0.3,0.2985
1823,0.3,0.2985
1824,0.3,0.2985
1825,0.3,0.2985
1826,0.3,0.2985
1827,0.3,0.2985
1828,0.3,0.2985
1829,0.3,0.2985
1830,0.3,0.2985
1831,0.3,0.2985
1832,0.3,0.2985
1833,0.3,0.2985
1834,0.3,0.2985
1835,0.3,0.2985
1836,0.3,0.2985
1837,0.3,0.2985
1838,0.3,0.2985
1839,0.3,0.2986
1840,0.3,0.2986
1841,0.3,0.2986
1842,0.3,0.2986
1843,0.3,0.2986
1844,0.3,0.2986
1845,0.3,0.2986
1846,0.3,0.2986
1847,0.3,0.2986
1848,0.3,0.2986
1849,0.3,0.2986
1850,0.3,0.2986
1851,0.3,0.2986
1852,0.3,0.2986
1853,0.3,0.2986
1854,0.3,0.2986
1855,0.3,0.2986
1856,0.3,0.2986
1857,0.3,0.2986
1858,0.3,0.2986
1859,0.3,0.2986
1860,0.3,0.2986
1861,0.3,0.2986
1862,0.3,0.2986
1863,0.3,0.2986
1864,0.3,0.2986
1865,0.3,0.2986
1866,0.3,0.2986
1867,0.3,0.2986
1868,0.3,0.2986
1869,0.3,0.2986
1870,0.3,0.2986
1871,0.3,0.2986
1872,0.3,0.2986
1873,0.3,0.2986
1874,0.3,0.2986
1875,0.3,0.2986
1876,0.3,0.2986
1877,0.3,0.2986
1878,0.3,0.2986
1879,0.3,0.2986
1880,0.3,0.2986
1881,0.3,0.2986
1882,0.3,0.2986
1883,0.3,0.2986
1884,0.3,0.2986
1885,0.3,0.2986
1886,0.3,0.2986
1887,0.3,0.2986
1888,0.3,0.2986
1889,0.3,0.2986
1890,0.3,0.2986
1891,0.3,0.2986
1892,0.3,0.2986
1893,0.3,0.2986
1894,0.3,0.2986
1895,0.3,0.2986
1896,0.3,0.2986
1897,0.3,0.2986
1898,0.3,0.2986
1899,0.3,0.2986
1900,0.3,0.2986
1901,0.3,0.2986
1902,0.3,0.2986
1903,0.3,0.2986
1904,0.3,0.2986
1905,0.3,0.2986
1906,0.3,0.2986
1907,0.3,0.2986
1908,0.3,0.2986
1909,0.3,0.2986
1910,0.3,0.2986
1911,0.3,0.2986
1912,0.3,0.2986
1913,0.3,0.2986
1914,0.3,0.2986
1915,0.3,0.2986
1916,0.3,0.2986
1917,0.3,0.2986
1918,0.3,0.2986
1919,0.3,0.2986
1920,0.3,0.2986
1921,0.3,0.2986
1922,0.3,0.2986
1923,0.3,0.2986
1924,0.3,0.2986
1925,0.3,0.2986
1926,0.3,0.2986
1927,0.3,0.2986
1928,0.3,0.2986
1929,0.3,0.2986
1930,0.3,0.2986
1931,0.3,0.2986
1932,0.3,0.2986
1933,0.3,0.2986
1934,0.3,0.2986
1935,0.3,0.2986
1936,0.3,0.2986
1937,0.3,0.2986
1938,0.3,0.2986
1939,0.3,0.2986
1940,0.3,0.2986
1941,0.3,0.2986
1942,0.3,0.2986
1943,0.3,0.2986
1944,0.3,0.2986
1945,0.3,0.2986
1946,0.3,0.2986
1947,0.3,0.2986
1948,0.3,0.2986
1949,0.3,0.2986
1950,0.3,0.2986
1951,0.3,0.2986
1952,0.3,0.2986
1953,0.3,0.2986
1954,0.3,0.2986
1955,0.3,0.2986
1956,0.3,0.2986
1957,0.3,0.2986
1958,0.3,0.2986
1959,0.3,0.2986
1960,0.3,0.2986
1961,0.3,0.2986
1962,0.3,0.2986
1963,0.3,0.2986
1964,0.3,0.2986
1965,0.3,0.2986
1966,0.3,0.2986
1967,0.3,0.2986
1968,0.3,0.2986
1969,0.3,0.2986
1970,0.3,0.2986
1971,0.3,0.2986
1972,0.3,0.2986
1973,0.3,0.2986
1974,0.3,0.2986
1975,0.3,0.2986
1976,0.3,0.2986
1977,0.3,0.2986
1978,0.3,0.2986
1979,0.3,0.2986
1980,0.3,0.2986
1981,0.3,0.2986
1982,0.3,0.2986
1983,0.3,0.2986
1984,0.3,0.2986
1985,0.3,0.2986
1986,0.3,0.2986
1987,0.3,0.2986
1988,0.3,0.2986
1989,0.3,0.2986
1990,0.3,0.2986
1991,0.3,0.2986
1992,0.3,0.2986
1993,0.3,0.2986
1994,0.3,0.2986
1995,0.3,0.2986
1996,0.3,0.2986
1997,0.3,0.2986
1998,0.3,0.2986
1999,0.3,0.2986
2000,0.3,0.2986
2001,0.3,0.2986
2002,0.3,0.2986
2003,0.3,0.2986
2004,0.3,0.2986
2005,0.3,0.2986
2006,0.3,0.2986
2007,0.3,0.2986
2008,0.3,0.2986
2009,0.3,0.2986
2010,0.3,0.2986
2011,0.3,0.2986
2012,0.3,0.2986
2013,0.3,0.2986
2014,0.3,0.2986
2015,0.3,0.2986
2016,0.3,0.2986
2017,0.3,0.2986
2018,0.3,0.2986
2019,0.3,0.2986
2020,0.3,0.2986
2021,0.3,0.2986
2022,0.3,0.2986
2023,0.3,0.2986
2024,0.3,0.2986
2025,0.3,0.2986
2026,0.3,0.2986
2027,0.3,0.2986
2028,0.3,0.2986
2029,0.3,0.2986
2030,0.3,0.2986
2031,0.3,0.2986
2032,0.3,0.2986
2033,0.3,0.2986
2034,0.3,0.2986
2035,0.3,0.2986
2036,0.3,0.2986
2037,0.3,0.2986
2038,0.3,0.2986
2039,0.3,0.2986
2040,0.3,0.2986
2041,0.3,0.2986
2042,0.3,0.2986
2043,0.3,0.2986
2044,0.3,0.2986
2045,0.3,0.2986
2046,0.3,0.2986
2047,0.3,0.2986
2048,0.3,0.2986
2049,0.3,0.2986
2050,0.3,0.2986
2051,0.3,0.2986
2052,0.3,0.2986
2053,0.3,0.2986
2054,0.3,0.2986
2055,0.3,0.2986
2056,0.3,0.2986
2057,0.3,0.2986
2058,0.3,0.2986
2059,0.3,0.2986
2060,0.3,0.2986
2061,0.3,0.2986
2062,0.3,0.2986
2063,0.3,0.2986
2064,0.3,0.2986
2065,0.3,0.2986
2066,0.3,0.2986
2067,0.3,0.2986
2068,0.3,0.2986
2069,0.3,0.2986
2070,0.3,0.2986
2071,0.3,0.2986
2072,0.3,0.2986
2073,0.3,0.2986
2074,0.3,0.2986
2075,0.3,0.2986
2076,0.3,0.2986
2077,0.3,0.2986
2078,0.3,0.2986
2079,0.3,0.2986
2080,0.3,0.2986
2081,0.3,0.2986
2082,0.3,0.2986
2083,0.3,0.2986
2084,0.3,0.2986
2085,0.3,0.2986
2086,0.3,0.2986
2087,0.3,0.2986
2088,0.3,0.2986
2089,0.3,0.2986
2090,0.3,0.2986
2091,0.3,0.2986
2092,0.3,0.2986
2093,0.3,0.2986
2094,0.3,0.2986
2095,0.3,0.2986
2096,0.3,0.2986
2097,0.3,0.2986
2098,0.3,0.2986
2099,0.3,0.2986
2100,0.3,0.2986
2101,0.3,0.2986
2102,0.3,0.2986
2103,0.3,0.2986
2104,0.3,0.2986
2105,0.3,0.2986
2106,0.3,0.2986
2107,0.3,0.2986
2108,0.3,0.2986
2109,0.3,0.2986
2110,0.3,0.2986
2111,0.3,0.2986
2112,0.3,0.2986
2113,0.3,0.2986
2114,0.3,0.2986
2115,0.3,0.2986
2116,0.3,0.2986
2117,0.3,0.2986
2118,0.3,0.2986
2119,0.3,0.2986
2120,0.3,0.2986
2121,0.3,0.2986
2122,0.3,0.2986
2123,0.3,0.2986
2124,0.3,0.2986
2125,0.3,0.2986
2126,0.3,0.2986
2127,0.3,0.2986
2128,0.3,0.2986
2129,0.3,0.2986
2130,0.3,0.2986
2131,0.3,0.2986
2132,0.3,0.2986
2133,0.3,0.2986
2134,0.3,0.2986
2135,0.3,0.2986
2136,0.3,0.2986
2137,0.3,0.2986
2138,0.3,0.2986
2139,0.3,0.2986
2140,0.3,0.2986
2141,0.3,0.2986
2142,0.3,0.2986
2143,0.3,0.2986
2144,0.3,0.2986
2145,0.3,0.2986
2146,0.3,0.2986
2147,0.3,0.2986
2148,0.3,0.2986
2149,0.3,0.2986
2150,0.3,0.2986
2151,0.3,0.2986
2152,0.3,0.2986
2153,0.3,0.2986
2154,0.3,0.2986
2155,0.3,0.2986
2156,0.3,0.2986
2157,0.3,0.2986
2158,0.3,0.2986
2159,0.3,0.2986
2160,0.2,0.2958
2161,0.2,0.2932
2162,0.2,0.2908
2163,0.2,0.2884
2164,0.2,0.2862
2165,0.2,0.2841
2166,0.2,0.2821
2167,0.2,0.2802
2168,0.2,0.2784
2169,0.2,0.2767
2170,0.2,0.275
2171,0.2,0.2735
2172,0.2,0.272
2173,0.2,0.2706
2174,0.2,0.2693
2175,0.2,0.268
2176,0.2,0.2668
2177,0.2,0.2657
2178,0.2,0.2646
2179,0.2,0.2636
2180,0.2,0.2626
2181,0.2,0.2617
2182,0.2,0.2608
2183,0.2,0.2599
2184,0.2,0.2591
2185,0.2,0.2584
2186,0.2,0.2577
2187,0.2,0.257
2188,0.2,0.2563
2189,0.2,0.2557
2190,0.2,0.2551
2191,0.2,0.2546
2192,0.2,0.254
2193,0.2,0.2535
2194,0.2,0.2531
2195,0.2,0.2526
2196,0.2,0.2522
2197,0.2,0.2518
2198,0.2,0.2514
2199,0.2,0.251
2200,0.2,0.2507
2201,0.2,0.2503
2202,0.2,0.25
2203,0.2,0.2497
2204,0.2,0.2494
2205,0.2,0.2492
2206,0.2,0.2489
2207,0.2,0.2487
2208,0.2,0.2484
2209,0.2,0.2482
2210,0.2,0.248
2211,0.2,0.2478
2212,0.2,0.2476
2213,0.2,0.2474
2214,0.2,0.2472
2215,0.2,0.2471
2216,0.2,0.2469
2217,0.2,0.2468
2218,0.2,0.2466
2219,0.2,0.2465
2220,0.2,0.2464
2221,0.2,0.2463
2222,0.2,0.2462
2223,0.2,0.246
2224,0.2,0.2459
2225,0.2,0.2458
2226,0.2,0.2458
2227,0.2,0.2457
2228,0.2,0.2456
2229,0.2,0.2455
2230,0.2,0.2454
2231,0.2,0.2454
2232,0.2,0.2453
2233,0.2,0.2452
2234,0.2,0.2452
2235,0.2,0.2451
2236,0.2,0.2451
2237,0.2,0.245
2238,0.2,0.2449
2239,0.2,0.2449
2240,0.2,0.2449
2241,0.2,0.2448
2242,0.2,0.2448
2243,0.2,0.2447
2244,0.2,0.2447
2245,0.2,0.2447
2246,0.2,0.2446
2247,0.2,0.2446
2248,0.2,0.2446
2249,0.2,0.2445
2250,0.2,0.2445
2251,0.2,0.2445
2252,0.2,0.2445
2253,0.2,0.2444
2254,0.2,0.2444
2255,0.2,0.2444
2256,0.2,0.2444
2257,0.2,0.2444
2258,0.2,0.2443
2259,0.2,0.2443
2260,0.2,0.2443
2261,0.2,0.2443
2262,0.2,0.2443
2263,0.2,0.2443
2264,0.2,0.2442
2265,0.2,0.2442
2266,0.2,0.2442
2267,0.2,0.2442
2268,0.2,0.2442
2269,0.2,0.2442
2270,0.2,0.2442
2271,0.2,0.2442
2272,0.2,0.2442
2273,0.2,0.2442
2274,0.2,0.2441
2275,0.2,0.2441
2276,0.2,0.2441
2277,0.2,0.2441
2278,0.2,0.2441
2279,0.2,0.2441
2280,0.2,0.2441
2281,0.2,0.2441
2282,0.2,0.2441
2283,0.2,0.2441
2284,0.2,0.2441
2285,0.2,0.2441
2286,0.2,0.2441
2287,0.2,0.2441
2288,0.2,0.2441
2289,0.2,0.2441
2290,0.2,0.2441
2291,0.2,0.2441
2292,0.2,0.2441
2293,0.2,0.2441
2294,0.2,0.2441
2295,0.2,0.2441
2296,0.2,0.244
2297,0.2,0.244
2298,0.2,0.244
2299,0.2,0.244
2300,0.2,0.244
2301,0.2,0.244
2302,0.2,0.244
2303,0.2,0.244
2304,0.2,0.244
2305,0.2,0.244
2306,0.2,0.244
2307,0.2,0.244
2308,0.2,0.244
2309,0.2,0.244
2310,0.2,0.244
2311,0.2,0.244
2312,0.2,0.244
2313,0.2,0.244
2314,0.2,0.244
2315,0.2,0.244
2316,0.2,0.244
2317,0.2,0.244
2318,0.2,0.244
2319,0.2,0.244
2320,0.2,0.244
2321,0.2,0.244
2322,0.2,0.244
2323,0.2,0.244
2324,0.2,0.244
2325,0.2,0.244
2326,0.2,0.244
2327,0.2,0.244
2328,0.2,0.244
2329,0.2,0.244
2330,0.2,0.244
2331,0.2,0.244
2332,0.2,0.244
2333,0.2,0.244
2334,0.2,0.244
2335,0.2,0.244
2336,0.2,0.244
2337,0.2,0.244
2338,0.2,0.244
2339,0.2,0.244
2340,0.2,0.244
2341,0.2,0.244
2342,0.2,0.244
2343,0.2,0.244
2344,0.2,0.244
2345,0.2,0.244
2346,0.2,0.244
2347,0.2,0.244
2348,0.2,0.244
2349,0.2,0.244
2350,0.2,0.244
2351,0.2,0.244
2352,0.2,0.244
2353,0.2,0.244
2354,0.2,0.244
2355,0.2,0.244
2356,0.2,0.244
2357,0.2,0.244
2358,0.2,0.244
2359,0.2,0.244
2360,0.2,0.244
2361,0.2,0.244
2362,0.2,0.244
2363,0.2,0.244
2364,0.2,0.244
2365,0.2,0.244
2366,0.2,0.244
2367,0.2,0.244
2368,0.2,0.244
2369,0.2,0.244
2370,0.2,0.244
2371,0.2,0.244
2372,0.2,0.244
2373,0.2,0.244
2374,0.2,0.244
2375,0.2,0.244
2376,0.2,0.244
2377,0.2,0.244
2378,0.2,0.244
2379,0.2,0.244
2380,0.2,0.244
2381,0.2,0.244
2382,0.2,0.244
2383,0.2,0.244
2384,0.2,0.244
2385,0.2,0.244
2386,0.2,0.244
2387,0.2,0.244
2388,0.2,0.244
2389,0.2,0.244
2390,0.2,0.244
2391,0.2,0.244
2392,0.2,0.244
2393,0.2,0.244
2394,0.2,0.244
2395,0.2,0.244
2396,0.2,0.244
2397,0.2,0.244
2398,0.2,0.244
2399,0.2,0.244
2400,0.3,0.2467
2401,0.3,0.2493
2402,0.3,0.2518
2403,0.3,0.2541
2404,0.3,0.2563
2405,0.3,0.2585
2406,0.3,0.2605
2407,0.3,0.2624
2408,0.3,0.2642
2409,0.3,0.2659
2410,0.3,0.2675
2411,0.3,0.2691
2412,0.3,0.2706
2413,0.3,0.272
2414,0.3,0.2733
2415,0.3,0.2745
2416,0.3,0.2758
2417,0.3,0.2769
2418,0.3,0.278
2419,0.3,0.279
2420,0.3,0.28
2421,0.3,0.2809
2422,0.3,0.2818
2423,0.3,0.2826
2424,0.3,0.2834
2425,0.3,0.2842
2426,0.3,0.2849
2427,0.3,0.2856
2428,0.3,0.2862
2429,0.3,0.2869
2430,0.3,0.2874
2431,0.3,0.288
2432,0.3,0.2885
2433,0.3,0.289
2434,0.3,0.2895
2435,0.3,0.29
2436,0.3,0.2904
2437,0.3,0.2908
2438,0.3,0.2912
2439,0.3,0.2916
2440,0.3,0.2919
2441,0.3,0.2922
2442,0.3,0.2926
2443,0.3,0.2929
2444,0.3,0.2931
2445,0.3,0.2934
2446,0.3,0.2937
2447,0.3,0.2939
2448,0.3,0.2941
2449,0.3,0.2944
2450,0.3,0.2946
2451,0.3,0.2948
2452,0.3,0.295
2453,0.3,0.2951
2454,0.3,0.2953
2455,0.3,0.2955
2456,0.3,0.2956
2457,0.3,0.2958
2458,0.3,0.2959
2459,0.3,0.2961
2460,0.3,0.2962
2461,0.3,0.2963
2462,0.3,0.2964
2463,0.3,0.2965
2464,0.3,0.2966
2465,0.3,0.2967
2466,0.3,0.2968
2467,0.3,0.2969
2468,0.3,0.297
2469,0.3,0.2971
2470,0.3,0.2971
2471,0.3,0.2972
2472,0.3,0.2973
2473,0.3,0.2973
2474,0.3,0.2974
2475,0.3,0.2975
2476,0.3,0.2975
2477,0.3,0.2976
2478,0.3,0.2976
2479,0.3,0.2977
2480,0.3,0.2977
2481,0.3,0.2978
2482,0.3,0.2978
2483,0.3,0.2978
2484,0.3,0.2979
2485,0.3,0.2979
2486,0.3,0.2979
2487,0.3,0.298
2488,0.3,0.298
2489,0.3,0.298
2490,0.3,0.2981
2491,0.3,0.2981
2492,0.3,0.2981
2493,0.3,0.2981
2494,0.3,0.2981
2495,0.3,0.2982
2496,0.3,0.2982
2497,0.3,0.2982
2498,0.3,0.2982
2499,0.3,0.2982
2500,0.3,0.2983
2501,0.3,0.2983
2502,0.3,0.2983
2503,0.3,0.2983
2504,0.3,0.2983
2505,0.3,0.2983
2506,0.3,0.2983
2507,0.3,0.2984
2508,0.3,0.2984
2509,0.3,0.2984
2510,0.3,0.2984
2511,0.3,0.2984
2512,0.3,0.2984
2513,0.3,0.2984
2514,0.3,0.2984
2515,0.3,0.2984
2516,0.3,0.2984
2517,0.3,0.2984
2518,0.3,0.2984
2519,0.3,0.2984
2520,0.3,0.2985
2521,0.3,0.2985
2522,0.3,0.2985
2523,0.3,0.2985
2524,0.3,0.2985
2525,0.3,0.2985
2526,0.3,0.2985
2527,0.3,0.2985
2528,0.3,0.2985
2529,0.3,0.2985
2530,0.3,0.2985
2531,0.3,0.2985
2532,0.3,0.2985
2533,0.3,0.2985
2534,0.3,0.2985
2535,0.3,0.2985
2536,0.3,0.2985
2537,0.3,0.2985
2538,0.3,0.2985
2539,0.3,0.2985
2540,0.3,0.2985
2541,0.3,0.2985
2542,0.3,0.2985
2543,0.3,0.2985
2544,0.3,0.2985
2545,0.3,0.2985
2546,0.3,0.2985
2547,0.3,0.2985
2548,0.3,0.2985
2549,0.3,0.2985
2550,0.3,0.2985
2551,0.3,0.2985
2552,0.3,0.2985
2553,0.3,0.2985
2554,0.3,0.2985
2555,0.3,0.2985
2556,0.3,0.2985
2557,0.3,0.2985
2558,0.3,0.2985
2559,0.3,0.2986
2560,0.3,0.2986
2561,0.3,0.2986
2562,0.3,0.2986
2563,0.3,0.2986
2564,0.3,0.2986
2565,0.3,0.2986
2566,0.3,0.2986
2567,0.3,0.2986
2568,0.3,0.2986
2569,0.3,0.2986
2570,0.3,0.2986
2571,0.3,0.2986
2572,0.3,0.2986
2573,0.3,0.2986
2574,0.3,0.2986
2575,0.3,0.2986
2576,0.3,0.2986
2577,0.3,0.2986
2578,0.3,0.2986
2579,0.3,0.2986
2580,0.3,0.2986
2581,0.3,0.2986
2582,0.3,0.2986
2583,0.3,0.2986
2584,0.3,0.2986
2585,0.3,0.2986
2586,0.3,0.2986
2587,0.3,0.2986
2588,0.3,0.2986
2589,0.3,0.2986
2590,0.3,0.2986
2591,0.3,0.2986
2592,0.3,0.2986
2593,0.3,0.2986
2594,0.3,0.2986
2595,0.3,0.2986
2596,0.3,0.2986
2597,0.3,0.2986
2598,0.3,0.2986
2599,0.3,0.2986
2600,0.3,0.2986
2601,0.3,0.2986
2602,0.3,0.2986
2603,0.3,0.2986
2604,0.3,0.2986
2605,0.3,0.2986
2606,0.3,0.2986
2607,0.3,0.2986
2608,0.3,0.2986
2609,0.3,0.2986
2610,0.3,0.2986
2611,0.3,0.2986
2612,0.3,0.2986
2613,0.3,0.2986
2614,0.3,0.2986
2615,0.3,0.2986
2616,0.3,0.2986
2617,0.3,0.2986
2618,0.3,0.2986
2619,0.3,0.2986
2620,0.3,0.2986
2621,0.3,0.2986
2622,0.3,0.2986
2623,0.3,0.2986
2624,0.3,0.2986
2625,0.3,0.2986
2626,0.3,0.2986
2627,0.3,0.2986
2628,0.3,0.2986
2629,0.3,0.2986
2630,0.3,0.2986
2631,0.3,0.2986
2632,0.3,0.2986
2633,0.3,0.2986
2634,0.3,0.2986
2635,0.3,0.2986
2636,0.3,0.2986
2637,0.3,0.2986
2638,0.3,0.2986
2639,0.3,0.2986
2640,0.3,0.2986
2641,0.3,0.2986
2642,0.3,0.2986
2643,0.3,0.2986
2644,0.3,0.2986
2645,0.3,0.2986
2646,0.3,0.2986
2647,0.3,0.2986
2648,0.3,0.2986
2649,0.3,0.2986
2650,0.3,0.2986
2651,0.3,0.2986
2652,0.3,0.2986
2653,0.3,0.2986
2654,0.3,0.2986
2655,0.3,0.2986
2656,0.3,0.2986
2657,0.3,0.2986
2658,0.3,0.2986
2659,0.3,0.2986
2660,0.3,0.2986
2661,0.3,0.2986
2662,0.3,0.2986
2663,0.3,0.2986
2664,0.3,0.2986
2665,0.3,0.2986
2666,0.3,0.2986
2667,0.3,0.2986
2668,0.3,0.2986
2669,0.3,0.2986
2670,0.3,0.2986
2671,0.3,0.2986
2672,0.3,0.2986
2673,0.3,0.2986
2674,0.3,0.2986
2675,0.3,0.2986
2676,0.3,0.2986
2677,0.3,0.2986
2678,0.3,0.2986
2679,0.3,0.2986
2680,0.3,0.2986
2681,0.3,0.2986
2682,0.3,0.2986
2683,0.3,0.2986
2684,0.3,0.2986
2685,0.3,0.2986
2686,0.3,0.2986
2687,0.3,0.2986
2688,0.3,0.2986
2689,0.3,0.2986
2690,0.3,0.2986
2691,0.3,0.2986
2692,0.3,0.2986
2693,0.3,0.2986
2694,0.3,0.2986
2695,0.3,0.2986
2696,0.3,0.2986
2697,0.3,0.2986
2698,0.3,0.2986
2699,0.3,0.2986
2700,0.3,0.2986
2701,0.3,0.2986
2702,0.3,0.2986
2703,0.3,0.2986
2704,0.3,0.2986
2705,0.3,0.2986
2706,0.3,0.2986
2707,0.3,0.2986
2708,0.3,0.2986
2709,0.3,0.2986
2710,0.3,0.2986
2711,0.3,0.2986
2712,0.3,0.2986
2713,0.3,0.2986
2714,0.3,0.2986
2715,0.3,0.2986
2716,0.3,0.2986
2717,0.3,0.2986
2718,0.3,0.2986
2719,0.3,0.2986
2720,0.3,0.2986
2721,0.3,0.2986
2722,0.3,0.2986
2723,0.3,0.2986
2724,0.3,0.2986
2725,0.3,0.2986
2726,0.3,0.2986
2727,0.3,0.2986
2728,0.3,0.2986
2729,0.3,0.2986
2730,0.3,0.2986
2731,0.3,0.2986
2732,0.3,0.2986
2733,0.3,0.2986
2734,0.3,0.2986
2735,0.3,0.2986
2736,0.3,0.2986
2737,0.3,0.2986
2738,0.3,0.2986
2739,0.3,0.2986
2740,0.3,0.2986
2741,0.3,0.2986
2742,0.3,0.2986
2743,0.3,0.2986
2744,0.3,0.2986
2745,0.3,0.2986
2746,0.3,0.2986
2747,0.3,0.2986
2748,0.3,0.2986
2749,0.3,0.2986
2750,0.3,0.2986
2751,0.3,0.2986
2752,0.3,0.2986
2753,0.3,0.2986
2754,0.3,0.2986
2755,0.3,0.2986
2756,0.3,0.2986
2757,0.3,0.2986
2758,0.3,0.2986
2759,0.3,0.2986
2760,0.3,0.2986
2761,0.3,0.2986
2762,0.3,0.2986
2763,0.3,0.2986
2764,0.3,0.2986
2765,0.3,0.2986
2766,0.3,0.2986
2767,0.3,0.2986
2768,0.3,0.2986
2769,0.3,0.2986
2770,0.3,0.2986
2771,0.3,0.2986
2772,0.3,0.2986
2773,0.3,0.2986
2774,0.3,0.2986
2775,0.3,0.2986
2776,0.3,0.2986
2777,0.3,0.2986
2778,0.3,0.2986
2779,0.3,0.2986
2780,0.3,0.2986
2781,0.3,0.2986
2782,0.3,0.2986
2783,0.3,0.2986
2784,0.3,0.2986
2785,0.3,0.2986
2786,0.3,0.2986
2787,0.3,0.2986
2788,0.3,0.2986
2789,0.3,0.2986
2790,0.3,0.2986
2791,0.3,0.2986
2792,0.3,0.2986
2793,0.3,0.2986
2794,0.3,0.2986
2795,0.3,0.2986
2796,0.3,0.2986
2797,0.3,0.2986
2798,0.3,0.2986
2799,0.3,0.2986
2800,0.3,0.2986
2801,0.3,0.2986
2802,0.3,0.2986
2803,0.3,0.2986
2804,0.3,0.2986
2805,0.3,0.2986
2806,0.3,0.2986
2807,0.3,0.2986
2808,0.3,0.2986
2809,0.3,0.2986
2810,0.3,0.2986
2811,0.3,0.2986
2812,0.3,0.2986
2813,0.3,0.2986
2814,0.3,0.2986
2815,0.3,0.2986
2816,0.3,0.2986
2817,0.3,0.2986
2818,0.3,0.2986
2819,0.3,0.2986
2820,0.3,0.2986
2821,0.3,0.2986
2822,0.3,0.2986
2823,0.3,0.2986
2824,0.3,0.2986
2825,0.3,0.2986
2826,0.3,0.2986
2827,0.3,0.2986
2828,0.3,0.2986
2829,0.3,0.2986
2830,0.3,0.2986
2831,0.3,0.2986
2832,0.3,0.2986
2833,0.3,0.2986
2834,0.3,0.2986
2835,0.3,0.2986
2836,0.3,0.2986
2837,0.3,0.2986
2838,0.3,0.2986
2839,0.3,0.2986
2840,0.3,0.2986
2841,0.3,0.2986
2842,0.3,0.2986
2843,0.3,0.2986
2844,0.3,0.2986
2845,0.3,0.2986
2846,0.3,0.2986
2847,0.3,0.2986
2848,0.3,0.2986
2849,0.3,0.2986
2850,0.3,0.2986
2851,0.3,0.2986
2852,0.3,0.2986
2853,0.3,0.2986
2854,0.3,0.2986
2855,0.3,0.2986
2856,0.3,0.2986
2857,0.3,0.2986
2858,0.3,0.2986
2859,0.3,0.2986
2860,0.3,0.2986
2861,0.3,0.2986
2862,0.3,0.2986
2863,0.3,0.2986
2864,0.3,0.2986
2865,0.3,0.2986
2866,0.3,0.2986
2867,0.3,0.2986
2868,0.3,0.2986
2869,0.3,0.2986
2870,0.3,0.2986
2871,0.3,0.2986
2872,0.3,0.2986
2873,0.3,0.2986
2874,0.3,0.2986
2875,0.3,0.2986
2876,0.3,0.2986
2877,0.3,0.2986
2878,0.3,0.2986
2879,0.3,0.2986
2880,0.2,0.2958
2881,0.2,0.2932
2882,0.2,0.2908
2883,0.2,0.2884
2884,0.2,0.2862
2885,0.2,0.2841
2886,0.2,0.2821
2887,0.2,0.2802
2888,0.2,0.2784
2889,0.2,0.2767
2890,0.2,0.275
2891,0.2,0.2735
2892,0.2,0.272
2893,0.2,0.2706
2894,0.2,0.2693
2895,0.2,0.268
2896,0.2,0.2668
2897,0.2,0.2657
2898,0.2,0.2646
2899,0.2,0.2636
2900,0.2,0.2626
2901,0.2,0.2617
2902,0.2,0.2608
2903,0.2,0.2599
2904,0.2,0.2591
2905,0.2,0.2584
2906,0.2,0.2577
2907,0.2,0.257
2908,0.2,0.2563
2909,0.2,0.2557
2910,0.2,0.2551
2911,0.2,0.2546
2912,0.2,0.254
2913,0.2,0.2535
2914,0.2,0.2531
2915,0.2,0.2526
2916,0.2,0.2522
2917,0.2,0.2518
2918,0.2,0.2514
2919,0.2,0.251
2920,0.2,0.2507
2921,0.2,0.2503
2922,0.2,0.25
2923,0.2,0.2497
2924,0.2,0.2494
2925,0.2,0.2492
2926,0.2,0.2489
2927,0.2,0.2487
2928,0.2,0.2484
2929,0.2,0.2482
2930,0.2,0.248
2931,0.2,0.2478
2932,0.2,0.2476
2933,0.2,0.2474
2934,0.2,0.2472
2935,0.2,0.2471
2936,0.2,0.2469
2937,0.2,0.2468
2938,0.2,0.2466
2939,0.2,0.2465
2940,0.2,0.2464
2941,0.2,0.2463
2942,0.2,0.2462
2943,0.2,0.246
2944,0.2,0.2459
2945,0.2,0.2458
2946,0.2,0.2458
2947,0.2,0.2457
2948,0.2,0.2456
2949,0.2,0.2455
2950,0.2,0.2454
2951,0.2,0.2454
2952,0.2,0.2453
2953,0.2,0.2452
2954,0.2,0.2452
2955,0.2,0.2451
2956,0.2,0.2451
2957,0.2,0.245
2958,0.2,0.2449
2959,0.2,0.2449
2960,0.2,0.2449
2961,0.2,0.2448
2962,0.2,0.2448
2963,0.2,0.2447
2964,0.2,0.2447
2965,0.2,0.2447
2966,0.2,0.2446
2967,0.2,0.2446
2968,0.2,0.2446
2969,0.2,0.2445
2970,0.2,0.2445
2971,0.2,0.2445
2972,0.2,0.2445
2973,0.2,0.2444
2974,0.2,0.2444
2975,0.2,0.2444
2976,0.2,0.2444
2977,0.2,0.2444
2978,0.2,0.2443
2979,0.2,0.2443
2980,0.2,0.2443
2981,0.2,0.2443
2982,0.2,0.2443
2983,0.2,0.2443
2984,0.2,0.2442
2985,0.2,0.2442
2986,0.2,0.2442
2987,0.2,0.2442
2988,0.2,0.2442
2989,0.2,0.2442
2990,0.2,0.2442
2991,0.2,0.2442
2992,0.2,0.2442
2993,0.2,0.2442
2994,0.2,0.2441
2995,0.2,0.2441
2996,0.2,0.2441
2997,0.2,0.2441
2998,0.2,0.2441
2999,0.2,0.2441
3000,0.2,0.2441
3001,0.2,0.2441
3002,0.2,0.2441
3003,0.2,0.2441
3004,0.2,0.2441
3005,0.2,0.2441
3006,0.2,0.2441
3007,0.2,0.2441
3008,0.2,0.2441
3009,0.2,0.2441
3010,0.2,0.2441
3011,0.2,0.2441
3012,0.2,0.2441
3013,0.2,0.2441
3014,0.2,0.2441
3015,0.2,0.2441
3016,0.2,0.244
3017,0.2,0.244
3018,0.2,0.244
3019,0.2,0.244
3020,0.2,0.244
3021,0.2,0.244
3022,0.2,0.244
3023,0.2,0.244
3024,0.2,0.244
3025,0.2,0.244
3026,0.2,0.244
3027,0.2,0.244
3028,0.2,0.244
3029,0.2,0.244
3030,0.2,0.244
3031,0.2,0.244
3032,0.2,0.244
3033,0.2,0.244
3034,0.2,0.244
3035,0.2,0.244
3036,0.2,0.244
3037,0.2,0.244
3038,0.2,0.244
3039,0.2,0.244
3040,0.2,0.244
3041,0.2,0.244
3042,0.2,0.244
3043,0.2,0.244
3044,0.2,0.244
3045,0.2,0.244
3046,0.2,0.244
3047,0.2,0.244
3048,0.2,0.244
3049,0.2,0.244
3050,0.2,0.244
3051,0.2,0.244
3052,0.2,0.244
3053,0.2,0.244
3054,0.2,0.244
3055,0.2,0.244
3056,0.2,0.244
3057,0.2,0.244
3058,0.2,0.244
3059,0.2,0.244
3060,0.2,0.244
3061,0.2,0.244
3062,0.2,0.244
3063,0.2,0.244
3064,0.2,0.244
3065,0.2,0.244
3066,0.2,0.244
3067,0.2,0.244
3068,0.2,0.244
3069,0.2,0.244
3070,0.2,0.244
3071,0.2,0.244
3072,0.2,0.244
3073,0.2,0.244
3074,0.2,0.244
3075,0.2,0.244
3076,0.2,0.244
3077,0.2,0.244
3078,0.2,0.244
3079,0.2,0.244
3080,0.2,0.244
3081,0.2,0.244
3082,0.2,0.244
3083,0.2,0.244
3084,0.2,0.244
3085,0.2,0.244
3086,0.2,0.244
3087,0.2,0.244
3088,0.2,0.244
3089,0.2,0.244
3090,0.2,0.244
3091,0.2,0.244
3092,0.2,0.244
3093,0.2,0.244
3094,0.2,0.244
3095,0.2,0.244
3096,0.2,0.244
3097,0.2,0.244
3098,0.2,0.244
3099,0.2,0.244
3100,0.2,0.244
3101,0.2,0.244
3102,0.2,0.244
3103,0.2,0.244
3104,0.2,0.244
3105,0.2,0.244
3106,0.2,0.244
3107,0.2,0.244
3108,0.2,0.244
3109,0.2,0.244
3110,0.2,0.244
3111,0.2,0.244
3112,0.2,0.244
3113,0.2,0.244
3114,0.2,0.244
3115,0.2,0.244
3116,0.2,0.244
3117,0.2,0.244
3118,0.2,0.244
3119,0.2,0.244
3120,0.3,0.2467
3121,0.3,0.2493
3122,0.3,0.2518
3123,0.3,0.2541
3124,0.3,0.2563
3125,0.3,0.2585
3126,0.3,0.2605
3127,0.3,0.2624
3128,0.3,0.2642
3129,0.3,0.2659
3130,0.3,0.2675
3131,0.3,0.2691
3132,0.3,0.2706
3133,0.3,0.272
3134,0.3,0.2733
3135,0.3,0.2745
3136,0.3,0.2758
3137,0.3,0.2769
3138,0.3,0.278
3139,0.3,0.279
3140,0.3,0.28
3141,0.3,0.2809
3142,0.3,0.2818
3143,0.3,0.2826
3144,0.3,0.2834
3145,0.3,0.2842
3146,0.3,0.2849
3147,0.3,0.2856
3148,0.3,0.2862
3149,0.3,0.2869
3150,0.3,0.2874
3151,0.3,0.288
3152,0.3,0.2885
3153,0.3,0.289
3154,0.3,0.2895
3155,0.3,0.29
3156,0.3,0.2904
3157,0.3,0.2908
3158,0.3,0.2912
3159,0.3,0.2916
3160,0.3,0.2919
3161,0.3,0.2922
3162,0.3,0.2926
3163,0.3,0.2929
3164,0.3,0.2931
3165,0.3,0.2934
3166,0.3,0.2937
3167,0.3,0.2939
3168,0.3,0.2941
3169,0.3,0.2944
3170,0.3,0.2946
3171,0.3,0.2948
3172,0.3,0.295
3173,0.3,0.2951
3174,0.3,0.2953
3175,0.3,0.2955
3176,0.3,0.2956
3177,0.3,0.2958
3178,0.3,0.2959
3179,0.3,0.2961
3180,0.3,0.2962
3181,0.3,0.2963
3182,0.3,0.2964
3183,0.3,0.2965
3184,0.3,0.2966
3185,0.3,0.2967
3186,0.3,0.2968
3187,0.3,0.2969
3188,0.3,0.297
3189,0.3,0.2971
3190,0.3,0.2971
3191,0.3,0.2972
3192,0.3,0.2973
3193,0.3,0.2973
3194,0.3,0.2974
3195,0.3,0.2975
3196,0.3,0.2975
3197,0.3,0.2976
3198,0.3,0.2976
3199,0.3,0.2977
3200,0.3,0.2977
3201,0.3,0.2978
3202,0.3,0.2978
3203,0.3,0.2978
3204,0.3,0.2979
3205,0.3,0.2979
3206,0.3,0.2979
3207,0.3,0.298
3208,0.3,0.298
3209,0.3,0.298
3210,0.3,0.2981
3211,0.3,0.2981
3212,0.3,0.2981
3213,0.3,0.2981
3214,0.3,0.2981
3215,0.3,0.2982
3216,0.3,0.2982
3217,0.3,0.2982
3218,0.3,0.2982
3219,0.3,0.2982
3220,0.3,0.2983
3221,0.3,0.2983
3222,0.3,0.2983
3223,0.3,0.2983
3224,0.3,0.2983
3225,0.3,0.2983
3226,0.3,0.2983
3227,0.3,0.2984
3228,0.3,0.2984
3229,0.3,0.2984
3230,0.3,0.2984
3231,0.3,0.2984
3232,0.3,0.2984
3233,0.3,0.2984
3234,0.3,0.2984
3235,0.3,0.2984
3236,0.3,0.2984
3237,0.3,0.2984
3238,0.3,0.2984
3239,0.3,0.2984
3240,0.3,0.2985
3241,0.3,0.2985
3242,0.3,0.2985
3243,0.3,0.2985
3244,0.3,0.2985
3245,0.3,0.2985
3246,0.3,0.2985
3247,0.3,0.2985
3248,0.3,0.2985
3249,0.3,0.2985
3250,0.3,0.2985
3251,0.3,0.2985
3252,0.3,0.2985
3253,0.3,0.2985
3254,0.3,0.2985
3255,0.3,0.2985
3256,0.3,0.2985
3257,0.3,0.2985
3258,0.3,0.2985
3259,0.3,0.2985
3260,0.3,0.2985
3261,0.3,0.2985
3262,0.3,0.2985
3263,0.3,0.2985
3264,0.3,0.2985
3265,0.3,0.2985
3266,0.3,0.2985
3267,0.3,0.2985
3268,0.3,0.2985
3269,0.3,0.2985
3270,0.3,0.2985
3271,0.3,0.2985
3272,0.3,0.2985
3273,0.3,0.2985
3274,0.3,0.2985
3275,0.3,0.2985
3276,0.3,0.2985
3277,0.3,0.2985
3278,0.3,0.2985
3279,0.3,0.2986
3280,0.3,0.2986
3281,0.3,0.2986
3282,0.3,0.2986
3283,0.3,0.2986
3284,0.3,0.2986
3285,0.3,0.2986
3286,0.3,0.2986
3287,0.3,0.2986
3288,0.3,0.2986
3289,0.3,0.2986
3290,0.3,0.2986
3291,0.3,0.2986
3292,0.3,0.2986
3293,0.3,0.2986
3294,0.3,0.2986
3295,0.3,0.2986
3296,0.3,0.2986
3297,0.3,0.2986
3298,0.3,0.2986
3299,0.3,0.2986
3300,0.3,0.2986
3301,0.3,0.2986
3302,0.3,0.2986
3303,0.3,0.2986
3304,0.3,0.2986
3305,0.3,0.2986
3306,0.3,0.2986
3307,0.3,0.2986
3308,0.3,0.2986
3309,0.3,0.2986
3310,0.3,0.2986
3311,0.3,0.2986
3312,0.3,0.2986
3313,0.3,0.2986
3314,0.3,0.2986
3315,0.3,0.2986
3316,0.3,0.2986
3317,0.3,0.2986
3318,0.3,0.2986
3319,0.3,0.2986
3320,0.3,0.2986
3321,0.3,0.2986
3322,0.3,0.2986
3323,0.3,0.2986
3324,0.3,0.2986
3325,0.3,0.2986
3326,0.3,0.2986
3327,0.3,0.2986
3328,0.3,0.2986
3329,0.3,0.2986
3330,0.3,0.2986
3331,0.3,0.2986
3332,0.3,0.2986
3333,0.3,0.2986
3334,0.3,0.2986
3335,0.3,0.2986
3336,0.3,0.2986
3337,0.3,0.2986
3338,0.3,0.2986
3339,0.3,0.2986
3340,0.3,0.2986
3341,0.3,0.2986
3342,0.3,0.2986
3343,0.3,0.2986
3344,0.3,0.2986
3345,0.3,0.2986
3346,0.3,0.2986
3347,0.3,0.2986
3348,0.3,0.2986
3349,0.3,0.2986
3350,0.3,0.2986
3351,0.3,0.2986
3352,0.3,0.2986
3353,0.3,0.2986
3354,0.3,0.2986
3355,0.3,0.2986
3356,0.3,0.2986
3357,0.3,0.2986
3358,0.3,0.2986
3359,0.3,0.2986
3360,0.3,0.2986
3361,0.3,0.2986
3362,0.3,0.2986
3363,0.3,0.2986
3364,0.3,0.2986
3365,0.3,0.2986
3366,0.3,0.2986
3367,0.3,0.2986
3368,0.3,0.2986
3369,0.3,0.2986
3370,0.3,0.2986
3371,0.3,0.2986
3372,0.3,0.2986
3373,0.3,0.2986
3374,0.3,0.2986
3375,0.3,0.2986
3376,0.3,0.2986
3377,0.3,0.2986
3378,0.3,0.2986
3379,0.3,0.2986
3380,0.3,0.2986
3381,0.3,0.2986
3382,0.3,0.2986
3383,0.3,0.2986
3384,0.3,0.2986
3385,0.3,0.2986
3386,0.3,0.2986
3387,0.3,0.2986
3388,0.3,0.2986
3389,0.3,0.2986
3390,0.3,0.2986
3391,0.3,0.2986
3392,0.3,0.2986
3393,0.3,0.2986
3394,0.3,0.2986
3395,0.3,0.2986
3396,0.3,0.2986
3397,0.3,0.2986
3398,0.3,0.2986
3399,0.3,0.2986
3400,0.3,0.2986
3401,0.3,0.2986
3402,0.3,0.2986
3403,0.3,0.2986
3404,0.3,0.2986
3405,0.3,0.2986
3406,0.3,0.2986
3407,0.3,0.2986
3408,0.3,0.2986
3409,0.3,0.2986
3410,0.3,0.2986
3411,0.3,0.2986
3412,0.3,0.2986
3413,0.3,0.2986
3414,0.3,0.2986
3415,0.3,0.2986
3416,0.3,0.2986
3417,0.3,0.2986
3418,0.3,0.2986
3419,0.3,0.2986
3420,0.3,0.2986
3421,0.3,0.2986
3422,0.3,0.2986
3423,0.3,0.2986
3424,0.3,0.2986
3425,0.3,0.2986
3426,0.3,0.2986
3427,0.3,0.2986
3428,0.3,0.2986
3429,0.3,0.2986
3430,0.3,0.2986
3431,0.3,0.2986
3432,0.3,0.2986
3433,0.3,0.2986
3434,0.3,0.2986
3435,0.3,0.2986
3436,0.3,0.2986
3437,0.3,0.2986
3438,0.3,0.2986
3439,0.3,0.2986
3440,0.3,0.2986
3441,0.3,0.2986
3442,0.3,0.2986
3443,0.3,0.2986
3444,0.3,0.2986
3445,0.3,0.2986
3446,0.3,0.2986
3447,0.3,0.2986
3448,0.3,0.2986
3449,0.3,0.2986
3450,0.3,0.2986
3451,0.3,0.2986
3452,0.3,0.2986
3453,0.3,0.2986
3454,0.3,0.2986
3455,0.3,0.2986
3456,0.3,0.2986
3457,0.3,0.2986
3458,0.3,0.2986
3459,0.3,0.2986
3460,0.3,0.2986
3461,0.3,0.2986
3462,0.3,0.2986
3463,0.3,0.2986
3464,0.3,0.2986
3465,0.3,0.2986
3466,0.3,0.2986
3467,0.3,0.2986
3468,0.3,0.2986
3469,0.3,0.2986
3470,0.3,0.2986
3471,0.3,0.2986
3472,0.3,0.2986
3473,0.3,0.2986
3474,0.3,0.2986
3475,0.3,0.2986
3476,0.3,0.2986
3477,0.3,0.2986
3478,0.3,0.2986
3479,0.3,0.2986
3480,0.3,0.2986
3481,0.3,0.2986
3482,0.3,0.2986
3483,0.3,0.2986
3484,0.3,0.2986
3485,0.3,0.2986
3486,0.3,0.2986
3487,0.3,0.2986
3488,0.3,0.2986
3489,0.3,0.2986
3490,0.3,0.2986
3491,0.3,0.2986
3492,0.3,0.2986
3493,0.3,0.2986
3494,0.3,0.2986
3495,0.3,0.2986
3496,0.3,0.2986
3497,0.3,0.2986
3498,0.3,0.2986
3499,0.3,0.2986
3500,0.3,0.2986
3501,0.3,0.2986
3502,0.3,0.2986
3503,0.3,0.2986
3504,0.3,0.2986
3505,0.3,0.2986
3506,0.3,0.2986
3507,0.3,0.2986
3508,0.3,0.2986
3509,0.3,0.2986
3510,0.3,0.2986
3511,0.3,0.2986
3512,0.3,0.2986
3513,0.3,0.2986
3514,0.3,0.2986
3515,0.3,0.2986
3516,0.3,0.2986
3517,0.3,0.2986
3518,0.3,0.2986
3519,0.3,0.2986
3520,0.3,0.2986
3521,0.3,0.2986
3522,0.3,0.2986
3523,0.3,0.2986
3524,0.3,0.2986
3525,0.3,0.2986
3526,0.3,0.2986
3527,0.3,0.2986
3528,0.3,0.2986
3529,0.3,0.2986
3530,0.3,0.2986
3531,0.3,0.2986
3532,0.3,0.2986
3533,0.3,0.2986
3534,0.3,0.2986
3535,0.3,0.2986
3536,0.3,0.2986
3537,0.3,0.2986
3538,0.3,0.2986
3539,0.3,0.2986
3540,0.3,0.2986
3541,0.3,0.2986
3542,0.3,0.2986
3543,0.3,0.2986
3544,0.3,0.2986
3545,0.3,0.2986
3546,0.3,0.2986
3547,0.3,0.2986
3548,0.3,0.2986
3549,0.3,0.2986
3550,0.3,0.2986
3551,0.3,0.2986
3552,0.3,0.2986
3553,0.3,0.2986
3554,0.3,0.2986
3555,0.3,0.2986
3556,0.3,0.2986
3557,0.3,0.2986
3558,0.3,0.2986
3559,0.3,0.2986
3560,0.3,0.2986
3561,0.3,0.2986
3562,0.3,0.2986
3563,0.3,0.2986
3564,0.3,0.2986
3565,0.3,0.2986
3566,0.3,0.2986
3567,0.3,0.2986
3568,0.3,0.2986
3569,0.3,0.2986
3570,0.3,0.2986
3571,0.3,0.2986
3572,0.3,0.2986
3573,0.3,0.2986
3574,0.3,0.2986
3575,0.3,0.2986
3576,0.3,0.2986
3577,0.3,0.2986
3578,0.3,0.2986
3579,0.3,0.2986
3580,0.3,0.2986
3581,0.3,0.2986
3582,0.3,0.2986
3583,0.3,0.2986
3584,0.3,0.2986
3585,0.3,0.2986
3586,0.3,0.2986
3587,0.3,0.2986
3588,0.3,0.2986
3589,0.3,0.2986
3590,0.3,0.2986
3591,0.3,0.2986
3592,0.3,0.2986
3593,0.3,0.2986
3594,0.3,0.2986
3595,0.3,0.2986
3596,0.3,0.2986
3597,0.3,0.2986
3598,0.3,0.2986
3599,0.3,0.2986
3600,0.3,0.2986
3601,0.3,0.2986
3602,0.3,0.2986
3603,0.3,0.2986
3604,0.3,0.2986
3605,0.3,0.2986
3606,0.3,0.2986
3607,0.3,0.2986
3608,0.3,0.2986
3609,0.3,0.2986
3610,0.3,0.2986
3611,0.3,0.2986
3612,0.3,0.2986
3613,0.3,0.2986
3614,0.3,0.2986
3615,0.3,0.2986
3616,0.3,0.2986
3617,0.3,0.2986
3618,0.3,0.2986
3619,0.3,0.2986
3620,0.3,0.2986
3621,0.3,0.2986
3622,0.3,0.2986
3623,0.3,0.2986
3624,0.3,0.2986
3625,0.3,0.2986
3626,0.3,0.2986
3627,0.3,0.2986
3628,0.3,0.2986
3629,0.3,0.2986
3630,0.3,0.2986
3631,0.3,0.2986
3632,0.3,0.2986
3633,0.3,0.2986
3634,0.3,0.2986
3635,0.3,0.2986
3636,0.3,0.2986
3637,0.3,0.2986
3638,0.3,0.2986
3639,0.3,0.2986
3640,0.3,0.2986
3641,0.3,0.2986
3642,0.3,0.2986
3643,0.3,0.2986
3644,0.3,0.2986
3645,0.3,0.2986
3646,0.3,0.2986
3647,0.3,0.2986
3648,0.3,0.2986
3649,0.3,0.2986
3650,0.3,0.2986
3651,0.3,0.2986
3652,0.3,0.2986
3653,0.3,0.2986
3654,0.3,0.2986
3655,0.3,0.2986
3656,0.3,0.2986
3657,0.3,0.2986
3658,0.3,0.2986
3659,0.3,0.2986
